<?xml version="1.0" encoding="UTF-8"?><TaskList Version="2.0"><TaskCategory Handle="handle-3" Name="Project"><TaskReference Handle="local-10"/></TaskCategory><TaskCategory Handle="handle-2" Name="Design"><TaskReference Handle="local-5"/><TaskReference Handle="local-4"/><TaskReference Handle="local-11"/><TaskReference Handle="local-9"/><TaskReference Handle="local-8"/><TaskReference Handle="local-7"/></TaskCategory><TaskCategory Handle="handle-1" Name="Requirements"><TaskReference Handle="local-3"/><TaskReference Handle="local-2"/><TaskReference Handle="local-6"/></TaskCategory></TaskList>